Nama,IPS 1,IPS 2,IPS 3,IPS 4,Jenis Kelamin
Ashlan Allicock,2.777975505,1.679348917,3.267782993,2.479794352,Female
Hunter Medgwick,1.245261777,3.488727096,3.203148672,2.338523623,Male
Rafi Pavlovsky,1.54424345,3.590717322,3.533281374,3.365912123,Male
Cherin Cowl,2.521819542,1.212800525,3.834831458,2.658451232,Female
Mufinella Blazek,2.343637175,1.315313419,1.044425254,1.705971352,Female
Ozzie O'Scandall,2.429934685,3.701520698,1.414516127,2.628617195,Male
Belva Andrewartha,1.823162693,3.613528005,1.936516278,3.609581182,Female
Horton Moulden,3.546710057,3.910805598,2.644398602,3.070301517,Male
Tasha Channing,3.740793897,3.015647094,3.324862035,3.614018054,Female
Doria Heddan,3.206882754,2.382398842,1.075004009,2.73646306,Female
Andris Hards,1.438854743,2.985506493,3.763824986,3.859254997,Male
Piper Moxon,2.497209621,1.813644392,3.184825721,2.710714788,Female
Zonda Deegan,2.576196286,1.597224845,1.666968432,3.696719129,Female
Melisent Dugald,1.663020274,1.233829136,2.188098473,1.284120352,Female
Anthea Oxtaby,1.734678862,1.656640256,1.380324513,2.285355679,Female
Gregoire Carmen,1.42301077,1.835781526,2.303375223,2.440992281,Male
Sissie Sarson,1.062592178,2.699742032,1.077253135,3.910798651,Female
Tam Dreossi,1.080051218,2.564381575,3.2382683,3.726553371,Male
Orsola Jentin,3.350038256,1.308876478,1.118553195,2.488975495,Female
Rickert Mangenet,3.299476964,2.820811428,2.643559772,2.060122711,Male
Reginauld Going,2.905365055,1.592961518,2.285746379,2.594341858,Male
Alanson Jacqueminot,1.314748879,2.066043486,1.424936486,3.475487125,Male
Lucian Denisard,2.324820055,3.928880021,2.583990802,1.961340176,Male
Valry Lawie,1.687209272,1.021567127,2.592640933,3.627802595,Female
Caspar Ciottoi,1.201185807,1.524781317,2.599185371,3.655311552,Male
Sisely Laherty,3.931853621,3.131728572,1.240519105,1.816526553,Female
Sindee Caudwell,2.960080516,3.219187332,2.888361618,1.496710653,Female
Jaymie Wrate,2.94951616,2.653541795,3.457676607,2.127280739,Male
Pat Connop,2.589960297,3.150276447,2.36492509,1.616760621,Male
Brittan Drackford,3.399796491,3.003646119,2.295020939,2.563525576,Female
Odelinda Willingham,3.039453425,3.234251722,1.391606847,3.757440963,Female
Zolly Gilham,1.69343878,2.598950857,3.910654514,2.597123167,Male
Eddie Cullimore,3.52550699,3.542246803,3.782402088,1.04836211,Female
Claiborn Croci,1.594253092,3.232621486,3.186297781,2.284159748,Male
Isobel Brennan,1.912957911,2.450456017,2.22822154,1.848055906,Female
Persis McGlaughn,1.814391201,3.098465115,3.435504486,1.221569117,Female
Blaine Ruddiman,3.957425083,1.376812775,1.805771736,3.47527524,Male
Rod Bushaway,2.104983128,2.839078053,3.62584788,3.03868434,Male
Brandea Lunny,3.606732589,2.06192668,1.577019302,1.630430218,Female
Terese Cunio,2.596237835,2.237580311,3.230966012,2.33948634,Female
Peyter Jenkerson,1.779112419,2.511293251,3.670192957,1.380330694,Male
Patricia Cuxon,1.851714225,2.992959534,3.755017236,2.474340525,Female
Harvey Warin,1.089340929,1.786138583,3.145155076,3.940039051,Male
Ardelis Wesker,2.415608796,3.367171327,3.934197222,1.192848734,Female
Stefano Boffey,1.640794958,3.244992464,3.209635579,3.646675475,Male
Gilda Woodruff,2.101313474,3.32321505,2.284335519,1.292318371,Female
Ermengarde Sends,3.839630506,3.341040038,1.431772263,1.83399973,Female
Chad Artis,3.194687586,3.201638875,3.233422349,1.799893353,Male
Normie Beams,2.959428444,3.301078571,1.819176908,1.499975447,Male
Garrard Goldsmith,3.639926026,3.572022867,2.885219075,2.314677203,Male
Ruth Mahady,2.768109544,3.074508479,1.872809498,2.674205093,Female
Joseph Bielby,1.161779391,2.557205581,2.337273218,2.837095604,Male
Gabey Oxberry,3.640031681,3.50277518,2.84949982,1.474518748,Female
Ula Crannell,3.296808794,1.285405527,1.022506979,2.308410586,Female
Morly Jobbings,3.765524233,2.276272036,3.484498382,1.469900538,Male
Clywd Twentyman,3.224546073,1.38237893,3.274087558,1.913800685,Male
Derward Clabburn,3.725829536,1.671677371,3.639979103,2.469676818,Male
Pauly Amerighi,2.912764281,1.702867378,3.164571945,3.413660943,Male
Charles Corck,3.361963481,1.750727075,2.613128183,3.324010535,Male
Rusty Skelington,3.427460762,3.676883085,3.248133979,3.665954483,Male
Berthe Ghilardi,3.847989525,2.985134906,2.712263768,1.571533978,Female
Delcine Tremblett,3.583347146,2.080049239,2.083809007,3.383633726,Female
Dorena Cornbell,2.184144173,1.525318217,2.28782942,1.138942656,Female
Sheela Dabes,1.486182017,1.585064496,1.52031095,2.903031891,Female
Gilburt Ploughwright,3.079996456,3.016349916,1.503140778,3.618084659,Male
Fayre Glasard,2.808096833,3.694064416,1.604467445,3.565821168,Female
Millicent Andrew,2.278440748,3.357369831,2.836660715,3.919692028,Female
Bethena Vittet,2.993169272,2.923708658,1.576983804,1.403158661,Female
Lenci Waterhowse,1.881944445,2.290250635,3.252719241,1.655461888,Male
Alexander Yesichev,1.268569807,3.805841916,2.504929461,2.068438253,Male
Annnora Perrot,2.920805928,2.059748067,1.274732694,3.389783774,Female
Illa McDaid,2.783307008,1.138280706,3.326300458,1.964619686,Female
Devlen Schaffler,2.776743913,3.345138381,1.336030681,2.699925784,Male
Drud Merigon,2.223116577,2.870586615,1.213553716,3.4242479,Male
Jase Napthine,1.076912194,1.051630466,3.095606224,2.466907611,Male
Euphemia Grouer,1.429137821,2.507975943,3.947759451,1.347351904,Female
Flem Dewhurst,2.159690289,3.815328658,1.465503016,2.576236373,Male
Berrie Pykerman,2.614257999,1.827780177,3.519707251,1.754199376,Female
Wilden Shinefield,1.241398764,1.821793909,2.992602585,1.920202188,Male
Barry Dye,1.763899017,1.388472917,3.603157992,1.558638839,Male
Theresita Sante,3.366706357,1.3951769,1.239274548,1.007366581,Female
Alejoa Riccardi,1.110398611,3.393131331,2.368921729,3.238961851,Male
Kristyn Tonbridge,2.83833393,3.766107056,2.455042984,2.718980526,Female
Sybil Scotney,3.888486239,1.525789824,3.765986652,1.774075636,Female
Garland McRory,2.327591929,1.560832208,1.366242151,1.444225564,Female
Jephthah Beasleigh,3.184480054,1.540697921,3.607798052,3.68775149,Male
Jethro Dobrowski,1.529362541,3.221632556,2.942239207,1.400384581,Male
Forster Mulryan,2.827031425,1.583406042,3.523445424,1.626235897,Male
Hilary Macrae,1.494816423,1.469715168,3.462120962,3.826322478,Male
Fianna McGarrity,2.716684258,2.101652406,1.116238084,3.232773027,Female
Petra Di Pietro,1.374669225,2.549112027,3.34833552,1.139906391,Female
Waylon Isakovic,3.81407946,3.667613776,2.396798214,3.023390885,Male
Nealon Praton,2.822468512,1.582850394,1.101340261,2.57021249,Male
Haven Mousby,1.31555314,3.424808763,1.1778124,1.908246135,Male
Marlo Mirams,1.636753476,3.352783431,2.812529888,2.330573312,Male
Katha Oguz,3.060945823,1.98361358,1.014570314,1.994101867,Female
Fredrick Wadmore,3.123016536,2.52075619,2.132962913,3.72607977,Male
Reagan Pickston,3.964531862,3.077851767,2.037079875,3.983205357,Male
Aguie Townsend,3.758711014,1.649047638,1.084716488,1.837404623,Male
Franciskus Antoniottii,2.485973352,3.978123738,2.574205093,3.958455451,Male
Dorree Ballinger,1.019303332,1.292567041,1.324278666,2.54906656,Female
Clyve Gurney,3.835196492,3.154020939,3.76691682,1.617553383,Male
Halli Bourgourd,3.678510698,3.057550387,2.48192669,3.097421911,Female
Ernie Linton,3.168645977,3.826931647,1.139722034,2.291662763,Male
Banky Smogur,2.158334261,1.113446159,3.415990038,1.781470654,Male
Viv Adlington,2.965003271,3.232696022,2.725044647,1.362798656,Female
Julietta Readhead,3.355311023,3.009081894,1.768639487,3.122263966,Female
Cobb Isworth,2.236982661,3.223663863,3.958181077,2.760579825,Male
Consuelo Staresmeare,1.842328418,3.586220675,2.9007843,2.21794621,Female
Drucie Jakeman,2.758420799,1.488471351,2.084420409,1.629760371,Female
Hermann Dumpleton,2.502371357,2.125171021,2.914361605,1.213659363,Male
Piotr Glewe,1.622579516,2.326621375,3.249357253,2.539165903,Male
Dalton Scrogges,1.67918585,3.429411456,1.170627115,1.684318762,Male
Phillipe Kitteman,3.82684315,3.1983285,1.741300621,3.87778689,Male
Ailbert Pringuer,2.620986946,1.123675282,2.139189578,2.084663293,Male
Bernadine Nitti,2.017978587,2.73679527,3.331877397,3.995355167,Female
Frederic Colthard,3.533091233,2.420835927,3.185075897,3.81178376,Male
Laney Wadmore,3.177408873,1.915270677,2.582462545,1.362561839,Female
Briant Sturror,1.030985798,3.767618492,1.955378216,1.970331397,Male
Granny Stollsteimer,2.821011855,2.966752339,1.318241596,3.445268697,Male
Lauree Maccaig,2.603553008,2.059854841,2.871434692,1.026624793,Female
Hy Kubala,3.276402701,3.926297901,1.794371226,3.226616257,Male
Cly Marages,2.961704882,3.938213912,1.430751881,3.189412956,Male
Kathie Da Costa,1.07936105,2.96418018,3.857133299,1.884915716,Female
Renault Bromehed,3.235774271,2.576330227,2.40699791,3.381546223,Male
Derron Priestner,2.427823394,3.629413539,1.540393946,3.269171094,Male
Ilise Pask,2.685658548,1.597278925,2.264976887,3.992334515,Female
Camilla Tetley,1.456195781,2.317960889,2.189664638,1.314403974,Female
Feliza Roser,2.386879878,2.772227974,3.206808205,3.691311961,Female
Guy Cannell,2.970477599,3.755635384,2.016948089,2.055301365,Male
Frederik Piggford,3.794273575,3.812256625,2.648530844,3.711171197,Male
Erina Hartland,2.425986881,3.944364047,2.236118169,1.077686935,Female
Ray Valentino,3.98514445,2.3844103,2.296919904,3.941202914,Male
Erina Terrell,2.515372712,2.899770619,1.02455557,2.696259791,Female
Bella Lapham,3.774527622,1.716653059,2.941180799,3.56440591,Female
Gerta Carsey,2.542318138,2.160916346,3.018507973,3.832263928,Female
Arlin Brickell,2.636642379,1.415653637,1.712116073,1.179633503,Male
Dorie Meynell,1.384142961,1.491146666,1.520553266,3.622591746,Male
Crichton Hansana,1.963020281,3.50893402,2.429627016,1.577484497,Male
Lois Rudgley,2.946138098,3.86889317,2.241399831,3.408445045,Female
Dylan Georges,3.701449689,3.509673699,3.288588564,1.456264405,Male
Edithe Zorn,3.414250042,3.888322838,1.702774731,2.236171446,Female
Helenka O' Ronan,1.527275265,2.079547612,1.953209119,3.593335647,Female
Locke Simyson,1.11155047,2.030492321,3.386055423,3.707086025,Male
Clotilda Janecki,2.423495796,1.704706052,1.5615176,3.547213069,Female
Anissa Ceney,1.605268439,2.517264155,3.651965317,1.854637492,Female
Andonis Lettington,3.845401211,2.480155939,1.323126475,2.545209733,Male
Janean Jerman,3.263838216,3.032478836,2.453331237,1.924753494,Female
Quincy Alford,2.989071072,1.9630935,2.027041095,2.064969429,Male
Catharina Folini,1.52720032,3.587772866,2.733408173,2.200944337,Female
Deck Winman,3.803418889,1.247319824,2.269707776,1.116311833,Male
Renato Perigeaux,2.503378009,1.885417359,1.02902352,3.389758666,Male
Grange Giocannoni,3.510571506,2.535348383,3.017145891,3.136059602,Male
Danette de Quincey,3.811029681,3.183569404,3.79764294,2.148039095,Female
Arny Yurkov,3.997183486,1.222683239,3.573980394,1.314541624,Male
Gabie Rioch,1.634531147,1.068724626,2.702475258,3.704927884,Female
Colan Caseborne,1.432051152,2.31247058,3.452399098,1.123668929,Male
Alfy Pringley,2.155812824,1.115020854,3.404344116,2.911691263,Male
Alessandra Waggitt,2.422470728,3.864701778,2.627635774,3.160924934,Female
Rasla Hartup,2.059676474,3.49475959,2.972875668,2.917686166,Female
Fremont Colerick,1.48777952,3.046224277,3.276763842,1.836923809,Male
Ingelbert Ivashkov,2.960003143,3.188831466,1.850690478,3.976451461,Male
Anderson Bosworth,3.868879051,2.500783611,2.602928318,1.684934549,Male
Alleyn Braunes,2.150175411,3.330199427,2.678383168,1.109627969,Male
Isobel MacIntosh,2.770647254,3.328553003,3.403579837,2.056180194,Female
Judie Hames,2.320878077,3.27273349,3.984504775,2.154824132,Female
Dex Edmenson,2.834627205,1.244200836,3.148004982,1.336410292,Male
Erie Edgeson,1.041928976,1.229185594,3.958643155,3.652921681,Male
Inigo Osanne,2.301913828,1.456020163,3.933286157,3.875690334,Male
Frasier Davage,3.79008952,2.275548681,2.855899111,1.301450571,Male
Mortimer Winkle,3.008861357,2.116070908,1.904237401,3.75167097,Male
Christin Sabattier,1.167061077,2.006590047,2.37238119,1.841798426,Female
Case Lalor,2.917468672,2.536586284,2.623324452,3.385949437,Male
Haleigh Ripon,2.968256376,2.046677085,1.60016264,3.326907573,Female
Hussein Leehane,3.353803288,2.955658252,3.613738217,3.480980666,Male
Judon Abela,2.539400388,3.948522494,1.325059683,2.083369893,Male
Gigi Rielly,1.027411816,1.256960881,1.354163688,1.993433522,Female
Clementine Klagge,2.050405311,2.28557605,2.733915015,2.933307373,Female
Goldy Hammerberg,3.523022769,3.518791798,3.763038241,3.262599747,Female
Isobel Doche,3.461436869,1.747253738,2.517362567,2.289267352,Female
Felic Cotmore,3.220825318,3.907392764,3.234697162,1.619744521,Male
Buddy Redbourn,1.554959874,2.343793028,3.431571289,1.497865279,Male
Siegfried Sowley,2.740669787,2.571773246,3.983457223,2.725724227,Male
Pierre Pikett,1.982438576,3.993087185,2.503237055,3.353833462,Male
Odette Leathard,2.951738606,3.688560761,2.492644059,3.010644406,Female
Clementius Winters,2.284611695,1.203801495,1.77860189,2.545769113,Male
Clim Catcheside,3.305405494,1.067700286,2.436927422,2.721496865,Male
Waylan Yanin,3.529235341,2.831887541,2.475418407,2.733121339,Male
Pierson Ganiford,3.097481786,3.58798416,1.890788887,1.984973328,Male
Allissa Scopes,3.670624916,2.638097188,3.828740778,2.352112163,Female
Virgie Sangra,2.763965588,3.260486684,1.426421714,3.091341849,Female
Janine Graal,2.876729238,3.852740782,2.643674723,3.988646951,Female
Tymon Prigg,3.751783051,3.058458479,2.34761883,1.925937141,Male
Dorolice Phillcock,1.137845508,3.121911675,3.010490469,3.075770127,Female
Frasco Pusill,1.924325638,3.739277927,2.811684165,2.481592176,Male
Beverlee Fawkes,3.219882725,2.270621246,1.81455897,3.499833246,Female
Pearl Ferrucci,2.089911007,2.153910961,3.949002034,2.713129188,Female
Dario Pedley,1.994675331,1.290626717,3.931213566,3.211241648,Male
Dora Readie,2.209527258,2.784851322,1.368491944,1.407490356,Female
Cherrita Gribben,3.108693169,1.528817345,1.452547397,3.908861175,Female
Jessamine Pescud,2.722768886,3.24230277,1.373528358,2.692658203,Female
Sully Meaney,1.040768454,1.794954413,2.098751924,2.687289828,Male
Dniren Burrows,2.550752161,1.197767961,3.541055571,3.442588175,Female
Vinson Swires,3.600503723,1.502946341,1.852455453,1.746824899,Male
Ekaterina Topping,3.768413412,2.01380294,1.704454762,1.571353989,Female
Lib Wrightem,3.917230751,2.771876821,2.22002321,1.494132452,Female
Fairleigh Allderidge,1.779656061,1.618119373,1.854032759,3.76931841,Male
Mireille Wareing,2.503596756,1.971358588,2.654971209,2.486784664,Female
Tynan Grund,3.508813768,3.876772853,1.936805314,1.418308295,Male
Aveline MacClay,2.52269002,3.338184985,1.751401887,1.009427833,Female
Gunter Jendrassik,1.918727918,1.371137093,1.125277225,1.151878191,Male
Laurence Presho,1.925839174,3.300207792,3.002599586,3.64979486,Male
Eustace Castiello,3.369105483,2.288502928,3.688623178,3.531303323,Male
Branden Castaner,1.741338888,3.668860103,3.864326566,2.009981383,Male
Konstantine Ipsley,1.200670006,1.794574256,2.251550264,2.215169525,Male
Sondra Kidde,3.667530226,1.111820655,1.241829705,3.62625236,Female
Leena Brigdale,2.81029581,3.407142936,1.979927045,3.3317108,Female
Cathrin Pescud,1.051370893,3.833668223,2.331268087,1.43078653,Female
Rik Bray,3.460854424,1.403145478,2.436319413,1.795144565,Male
Silva Amoore,2.604741587,2.41408562,1.587415022,3.567261646,Female
Jaquelyn Christer,2.116050622,3.047161368,1.834959354,2.762305561,Female
Bertrando Berka,1.898860686,2.547436028,1.591591335,1.97339241,Male
Dorothea Tampen,1.063718153,3.796981431,3.367743979,3.06312614,Female
Estell Mc Gorley,3.7279481,2.959749525,1.443690332,1.614519913,Female
Arnie Wrightim,2.30936372,1.687836863,1.159057572,2.707665953,Male
Jeffie Ends,1.907195688,2.877117495,1.329117381,1.919859786,Male
Alphonso Gerren,1.779610806,2.32493457,1.80351192,1.00080638,Male
Barbaraanne Hensmans,3.027930363,2.829283889,3.288898208,1.786563755,Female
Fionna McElmurray,1.845277139,3.131209251,2.853627805,1.794025735,Female
Prentice Matthaus,3.701656193,2.199678909,2.104817867,2.778293783,Male
Brittne Pincott,2.451367623,1.327878109,1.011549128,2.921468687,Female
Way Opy,3.279168856,3.627410761,3.712862291,3.705460936,Male
Marrissa Chansonne,1.925854135,3.782396345,3.670669843,2.514074688,Female
Kenn Kidman,2.70836062,2.624926066,1.476777266,3.960561055,Male
Sharyl Lansley,3.374501631,1.020202632,2.136778003,1.541324569,Female
Sande McCowen,2.414137696,1.993801674,2.121826932,1.93094003,Female
Arther Corr,1.400738557,2.279543821,2.512838929,3.545015146,Male
Edgar Hunnybun,2.36320477,3.988812962,2.490830227,1.356249129,Male
Alanah Edmott,2.426948027,3.186014168,2.531750015,3.316315345,Female
Elise Peaker,2.589926125,2.651670823,2.136700503,3.306782662,Female
Torr Ximenez,2.702955432,1.644074548,1.209156219,3.852861107,Male
Anjanette Shilton,3.196076294,3.542653951,3.430690878,2.378549494,Female
Corinna Corryer,1.225470683,2.065533565,3.710283684,1.069660663,Female
Jaclin Ravenshaw,1.223545963,3.976200921,1.313741444,2.692877321,Female
Chrisse Werrett,1.686004161,2.191246732,3.351878065,1.043266278,Male
Lavinia Burtonshaw,2.439503347,3.039918728,3.400328028,1.615986168,Female
Bayard Andreasen,3.337111926,2.932786791,2.079693734,2.236452754,Male
Jeromy Vasenkov,1.014369401,2.375137995,2.333672852,2.381723164,Male
Cedric Pariss,1.406256589,2.105857044,3.491501018,2.617846596,Male
Brantley Wyke,1.059488316,2.804330993,3.305345855,1.721577503,Male
Romain Gilstin,3.114707001,1.448286648,3.910038534,1.014751902,Male
Flinn Crampton,1.174569192,2.287647687,2.214954081,2.362255039,Male
Hollyanne Armer,1.107576775,1.91559394,2.2472236,2.873048565,Female
Cirstoforo Antonucci,3.241190757,1.371726824,3.115253275,3.832269729,Male
Agatha Vogel,2.001825742,2.290850749,3.098350042,1.493726925,Female
Corbett Westfield,3.624711879,2.705210568,1.96506208,3.025529602,Male
Nerta Juckes,1.065137114,1.304388074,2.916455367,2.527663901,Female
Leonore Beckitt,1.396855101,2.3062657,2.695649487,2.550735535,Female
Farlie Penhall,1.867456589,3.534808326,3.214831897,3.795097783,Male
Timmy Brockhouse,2.00360339,2.089577999,1.128191815,3.992032293,Male
Vikki Penchen,3.775981275,2.22326923,3.662585461,3.252827445,Female
Maury Gaitley,1.231983922,1.438307276,2.595673968,3.152428496,Male
Rachelle Keller,3.202294032,2.522499154,3.693306086,1.13989256,Female
Jacob Guilloton,3.798182761,2.152966454,3.717930733,3.211000457,Male
Stacy Daltrey,1.228921264,1.215704531,2.80663836,1.964995909,Male
Carlina Symson,1.872916518,2.791516845,1.829749176,1.703300982,Female
Hanni Thombleson,1.96278804,1.045355954,2.434593908,2.764572521,Female
Duncan McIlwraith,1.372334604,1.501264574,3.835025043,3.266127292,Male
Abigael Gambrell,3.549856421,2.654178131,2.500619481,2.510979277,Female
Odella Norkutt,2.391803828,1.728786389,2.263824077,3.37100559,Female
Kerri Asman,2.966734079,3.307327205,3.229894804,1.994548655,Female
Pablo Oleszcuk,1.571506244,1.325584443,2.809319238,2.9607601,Male
Andrei Slad,2.669129638,3.518113477,1.990716579,3.203076561,Female
Luz Dixson,2.139110716,1.717973424,2.28331095,3.12573829,Female
Fonzie Cable,1.533179151,3.557411382,3.166843294,3.22402278,Male
Hyman O' Mahony,1.752544583,3.875569633,1.572575625,3.671285532,Male
Leslie Itzchaki,3.011765223,2.218854813,1.199208118,3.629100643,Male
Sabra Rothchild,1.221708632,2.828327432,3.255300473,1.25665448,Female
Zorine Ardley,2.939137492,2.893985483,2.874026278,3.989370582,Female
Cyndy Mendenhall,1.369548424,1.910460554,3.925777626,1.326961693,Female
Malina Scain,3.122508616,1.851013249,1.120207054,2.609328629,Female
Jakie Eouzan,1.565246291,3.57615871,2.920068521,3.962797443,Male
Marysa Broschke,1.743625003,3.16085339,3.983362196,2.205407441,Female
Catrina Chrishop,1.86131131,2.24013223,1.156021691,1.127880227,Female
Noel Malam,1.836923421,2.28566652,3.292374056,1.55852641,Female
Reggie Garmston,2.89175687,1.662745083,1.467784044,2.128243711,Male
Olenka Stoacley,3.490421572,2.157766433,2.008048789,1.058905031,Female
Alexis Dummett,2.027405058,2.148470461,2.81855333,1.076194364,Male
Kelby Espino,1.321284301,1.45651808,2.787709227,1.626433385,Male
Tammie Dicken,2.174329304,3.209562054,1.687156721,1.534495287,Female
Jesse Vickar,3.811908082,3.875609993,3.650947016,1.429149122,Male
Ange Gilliatt,1.574572263,1.001775605,2.095550444,1.049461466,Female
Phillip Rowsel,3.846068409,1.049559317,2.43216539,3.313007152,Male
Burr Jirusek,3.797479958,1.145794643,2.599754303,2.910324941,Male
Lewiss Crat,3.177003841,1.505736131,3.77181236,2.691122411,Male
Annissa Jenkins,3.92642146,1.0742997,2.609253995,3.075482448,Female
Frederich Vears,2.502879566,1.784694808,3.922423015,3.267578527,Male
Linea Tootal,2.168475525,2.93483195,3.22158813,3.375719381,Female
Ashley Stilly,2.872504874,2.310318691,3.901672505,3.673044935,Female
Man Rann,3.633125075,2.66303695,3.116431119,1.4532946,Male
Wake Faithfull,2.280206708,1.644783845,1.379470682,2.955765449,Male
Caye Lamplugh,3.02576973,1.809929259,3.392783279,1.319492061,Female
Dalia Kibby,2.196050165,1.896011239,2.37113732,1.748562176,Female
Avis Francklyn,1.245345454,2.631398951,2.310506202,2.615814844,Female
Jo-ann Barrus,2.372019528,3.47652153,2.900957281,3.23762903,Female
Knox Corpes,2.087999875,3.57065143,2.911163438,1.633366866,Male
Sasha Dominetti,1.161668933,3.310253055,1.274160969,2.806327329,Female
Joyan Mattielli,2.966680044,3.012493888,1.465299486,1.475775455,Female
Abeu Bonder,2.864785705,2.074586353,2.527464357,1.443664417,Male
Tye Marchello,1.780903539,2.648685482,2.119116444,1.466948561,Male
Kellia Wingatt,2.580202397,3.901847414,1.217420844,2.676703371,Female
Felice Fried,3.932897515,2.842635932,1.393419262,2.253009429,Female
Eustacia Haibel,3.710312435,1.282744595,3.947471145,3.660164002,Female
Allyson Davall,2.665014153,3.03462508,3.797239041,1.394147713,Female
Dolley Oliphant,2.512173362,1.016881232,3.851095421,3.967645079,Female
Lucian Goldthorp,2.166656414,2.22998146,2.495847397,3.784236992,Male
Izzy Rumble,2.167381046,1.195077204,1.919977425,2.617031149,Male
Farlay Corssen,1.441211626,3.115228803,3.909276551,1.73995457,Male
Caro Brosel,2.883695807,2.99549343,2.576905348,2.685317197,Female
Roby Reyner,1.497857988,1.158806541,3.122138724,2.94234476,Female
Elisabetta Wetherick,2.53959648,3.390368119,2.558355727,2.80402446,Female
Eunice Hillan,1.249477003,2.974975511,2.968515468,2.785366307,Female
Gladi Tooley,1.647823036,2.031180525,2.692088266,3.753959012,Female
Rosalynd Breyt,1.77797736,1.445180377,1.106258689,3.005156013,Female
Dominica Mumbeson,2.856589847,2.986659047,1.822810695,1.791348478,Female
Page Pepperd,1.636389085,2.858750243,3.651777635,1.968556529,Female
Noelle Glendzer,3.357673529,3.239834419,1.277878916,3.443954064,Female
Chandal Newell,1.950970506,2.001063931,2.095256255,2.980048053,Female
Peyter Dalley,2.064306496,1.459715798,1.048960738,1.068507289,Male
Alvis Janu,1.755250308,2.949066872,1.583385042,1.830954203,Male
Amandi Nobbs,2.808775715,2.680910157,1.785046043,3.453091163,Female
Ivan Swindall,1.607428965,1.054357825,1.904012081,1.69375237,Male
Aurthur Gynne,3.03432816,3.17033531,2.914453715,2.655673892,Male
Malvina Kynnd,1.569782462,3.145772083,3.120258172,2.06558106,Female
Elianora Rudgerd,3.403220297,2.850056583,3.738025875,3.40101509,Female
Egor Sibery,1.102345747,1.761948911,1.238510431,3.7031944,Male
Darryl Tremain,2.309506393,2.990830448,1.946042311,1.783485944,Female
Alessandro Muirden,3.671676746,3.099343068,1.956954527,1.463476646,Male
Bernete Cobson,3.475113732,1.173242502,3.996074413,1.694443822,Female
Fernando Gruczka,1.596455767,1.358385755,2.856397986,1.080717283,Male
Sallyanne Leschelle,1.669400149,3.448708887,1.538663521,3.823840839,Female
Maxim Guitt,2.238556531,2.524460032,3.055890427,3.762289788,Male
Arlene Bedwell,1.402155167,2.816858808,2.635400784,2.845714576,Female
Alberik Patsall,2.670075765,1.303570264,2.466087447,1.833967805,Male
Aviva Boulter,3.684170682,2.187119791,3.149621321,3.419253097,Female
Derry Eccleston,2.2294773,1.436370298,1.552105829,2.095665949,Male
Saree Kellert,2.099515062,2.936674241,1.555617664,2.856709109,Female
Carree Crowne,3.43529325,1.075718017,3.202799461,2.647925708,Female
Zebulen McKinna,1.777312865,1.9384046,2.375003451,3.773294377,Male
Cy Hove,1.001664777,1.399479006,2.676442582,1.291754989,Male
Jocko Martinot,3.76089305,3.928322936,3.45288259,3.392329558,Male
Natividad Warke,1.903203098,3.525172733,3.151860588,1.200735107,Female
Sam Boolsen,2.697231592,2.003634801,1.143540237,3.54118391,Female
Leland Sandom,3.232607951,1.945952883,3.270793487,1.919735867,Male
Barby Loseby,1.874130433,3.025732489,3.11645137,2.80775454,Female
Francklin Priest,2.470100404,2.175961594,1.890765151,1.487001895,Male
Friedrich Winsper,2.354486801,1.507370352,2.385774168,3.65821217,Male
Brunhilde Carlet,1.595362978,3.60979201,1.89093614,3.301995406,Female
Hunfredo Cosyns,1.374020751,2.551371621,3.895211027,3.57418119,Male
Aloysius Pyffe,2.310718026,2.107178279,1.005772909,2.352082717,Male
Gregorius Landsbury,2.748404401,1.715745515,1.309155099,2.487636465,Male
Tully Padly,3.078789774,2.739828427,1.816236198,3.95511315,Male
Augustin Petofi,2.411623685,3.174639779,1.861928024,3.217777849,Male
Corbet Averill,3.031645187,3.812400666,2.180733872,3.146257034,Male
Ernestus Heathwood,3.093301842,1.175980381,1.627893475,1.430491797,Male
Cherri Dulieu,3.021514544,1.156007407,2.974946218,3.067479828,Female
Cazzie Lavalle,3.488525738,3.107974005,3.076150577,2.310091524,Male
Hank Ambroise,2.107901387,2.550549057,1.701349462,1.055301701,Male
Brien Prenty,2.264886507,2.519645491,1.776851146,2.197466211,Male
Amalle Mogford,2.450141112,1.012598891,3.661975796,2.05477589,Female
Sherilyn Stanfield,3.735861476,1.683373212,3.065003742,1.810866384,Female
Skipp Wilce,3.998466794,1.901974224,3.318267948,2.282505077,Male
Rea Ainscow,1.891419142,1.933706527,1.231660803,2.138191516,Female
Marcile Plummer,2.644419059,3.249158634,2.803271962,1.200834162,Female
Evie Urch,2.038201382,2.922143836,1.010554981,1.884019934,Female
Rozalie Kobierzycki,3.397628909,3.721857527,2.980478264,3.156981575,Female
Dom McKew,3.727544437,3.71783798,1.589069634,3.517558861,Male
Thaddeus Gudge,2.746145076,2.288374263,3.121568187,2.734684718,Male
Rose Khoter,2.469138048,2.576094893,1.953909274,3.042766996,Female
Rob Rolfe,3.550885789,3.203192452,2.424614569,3.931445674,Male
Janey Hebson,1.88723432,3.722614852,3.302367964,3.718648037,Female
Ignatius Crown,1.707843674,1.591610083,3.039432033,3.148274015,Male
Katerine Jacobowits,3.27820276,2.481221275,1.036168779,2.544187232,Female
Carmina Antrack,3.956682809,2.113072222,2.964069574,2.339463383,Female
Stella Elsley,3.433963584,2.881764295,3.776100704,1.501528547,Female
Ebba Mettericke,3.153075093,2.322248786,1.053776768,3.180016804,Female
Park Garnsey,2.357145441,1.596453921,1.624900313,1.301418792,Male
Hannis Siuda,1.79377699,1.297405484,3.138899032,2.071433029,Female
Chelsie Bambury,1.875947458,2.586944889,3.740923347,1.787967233,Female
Fulvia Picard,3.829791331,3.732010772,2.451778193,1.672270478,Female
Dael Wilder,2.532689308,3.023668833,2.50886243,2.707520488,Male
Garwood Pindred,2.995474067,3.046385605,3.571301117,2.264229759,Male
Lorraine Thurstan,2.086643752,1.305318883,1.306541832,1.076269519,Female
Halsy Bowne,2.448073313,1.454885252,3.457358436,3.377621306,Male
Katrina Chattock,2.580552919,3.993992258,1.771701714,3.893577458,Female
Jessika Rosendorf,2.742177132,3.069958277,2.831288194,1.175811967,Female
Carlee Slafford,3.722287963,2.403697586,1.619652721,2.243047706,Female
Regen De Biasio,3.900544247,3.603762582,1.996827961,3.799189556,Male
Domeniga Pardi,1.190237739,1.341523704,2.358306675,3.935343047,Female
Suellen Molfino,3.750269339,2.475085269,1.48967673,1.826353469,Female
Garnet Flaherty,2.472245278,3.696723104,2.463169997,2.283781778,Female
Brenden McElvogue,3.452009304,3.800637044,3.159616303,2.477217692,Male
Lark Schwanden,2.20810558,3.588914541,1.971685851,1.727396863,Female
Kelbee Luetkemeyers,1.061377337,1.131193908,1.894909796,2.099655105,Male
Alex Pellew,1.239385245,1.883505104,1.41803365,3.526260004,Female
Jocelyn Curwood,3.777447674,3.191653316,1.107231793,2.840808392,Female
Westley Halbord,3.794088054,3.360226582,3.635700196,2.533676974,Male
Othilia Sainsberry,1.726714931,3.638598313,2.289016814,2.130721684,Female
Dennet Knightsbridge,2.381148389,3.883039787,3.917895289,3.300011325,Male
Van Broyd,3.744622811,3.094481184,3.910218571,3.935154171,Male
Mendie Shewon,1.776539004,1.962956592,3.353743664,2.010222288,Male
Shepard Barritt,2.444026612,2.479337853,1.27934151,1.226221602,Male
Misty Mingauld,2.706815642,2.241350806,1.999396004,3.236758245,Female
Karola Ruxton,3.906701109,1.067143512,3.388065869,2.758062404,Female
Kira Popov,1.807988982,3.387035578,1.673512979,2.934376023,Female
Dino Huttley,3.134815988,1.901218465,1.108484307,2.891925514,Male
Gerek Attlee,1.820820397,2.232996503,3.678233828,1.832270851,Male
Marmaduke Wardrop,2.690207649,3.504847222,1.947065439,3.496791713,Male
Shelia Font,3.896100584,3.082637092,3.641874486,3.464797764,Female
Levon Cocke,1.50752792,1.209067408,1.751978135,1.283989581,Male
Augusto Boor,2.176347372,1.835228347,3.95448373,3.259787453,Male
Emily Agent,1.657911166,1.343133957,3.051930525,3.737885359,Female
Montgomery Jeandin,1.351536491,3.807637558,1.45371398,3.264286237,Male
Martelle Dungey,1.357761984,2.020164878,2.360023931,3.209788317,Female
Gaultiero Lowre,3.603806718,1.280805444,1.14968434,3.347345819,Male
Alf Ely,2.628174893,3.190478376,2.288192123,2.24085736,Male
Edik Bridie,3.556253669,1.492582875,3.956797658,2.772183207,Male
Denise McCromley,3.318251384,3.444889941,2.968190899,1.187556543,Female
Nonna Edes,3.19944203,2.576606191,3.906427185,1.615294808,Female
Pernell Gribbin,3.573200728,3.421589324,3.845461163,1.022797576,Male
Tome Tommeo,1.165315878,1.282727233,1.978162782,1.434317839,Male
Delcina Nother,1.510579867,3.111904674,2.364705221,1.316367397,Female
Melicent Standage,3.914617303,3.10699431,3.554036254,2.160429209,Female
Alla Fouldes,1.444592458,3.046219832,2.867414608,3.239446873,Female
Trudey Hearle,2.516630299,2.979734559,3.314323489,1.288298352,Female
Ware Mallabone,2.306880574,1.741678511,2.613665573,1.674202059,Male
Geno Lorrie,1.967299603,3.044495317,1.093704927,1.988157183,Male
Darwin Cluff,2.397607668,3.325144788,2.818614114,2.668109315,Male
Clemens Ashard,3.950863949,1.276077068,3.092932788,3.777590497,Male
Tonnie MattiCCI,3.901851166,3.643502898,3.658886905,2.83467872,Male
Clayborn Hulatt,3.472474943,1.720194866,1.783359603,1.746412575,Male
Dennie Ives,1.861015854,3.162203192,2.782934069,3.161823573,Female
Alano Livingstone,1.249968831,1.159509773,1.403069988,2.974191172,Male
Arv Messager,1.485103635,1.813150118,3.537750486,1.800821099,Male
Ethan Slocomb,1.32350583,1.804004431,3.563616174,2.087633397,Male
Glory Monard,1.158483481,2.536171662,3.297947431,2.734679086,Female
Daffy Mitie,1.763460699,1.23502773,1.614693713,3.169324266,Female
Martainn Battie,1.847826347,2.256697173,3.620674134,3.558591994,Male
Albrecht Pyle,1.285026014,1.297959511,1.231230705,1.366451698,Male
Cristine Buckenhill,2.834390654,1.68371749,1.050508805,1.455719513,Female
Albrecht Kibbee,2.282291763,2.870223474,3.182128623,1.864078428,Male
Annmarie Westmacott,1.027036069,3.230651174,3.144912977,1.367036569,Female
Harmony Blanchflower,2.346534672,1.357283995,3.361236154,3.503394488,Female
Randene Barrington,1.305324856,3.899054029,1.906805316,3.385052745,Female
Elnar Morfell,1.160544506,3.84646488,3.724934723,2.227520818,Male
Gretchen Fend,2.584899065,1.33407273,3.877940351,1.390899739,Female
Chaunce Dahlgren,1.949507343,1.066927169,3.820247308,3.948074336,Male
Tiler Haye,1.276693539,3.092356657,3.829989527,3.554060923,Male
Tobias Congreave,2.01532235,3.725927747,1.390103292,1.404675142,Male
Manfred Ruppel,1.928810655,2.473219372,3.000635985,2.006479546,Male
Norbie Rummer,2.29309778,1.736363875,2.607445912,3.250470646,Male
Winona Moakler,2.19401099,3.05597802,1.884121558,3.40097177,Female
Rafi Agott,3.206694521,1.4723368,1.923054077,3.3872855,Male
Corry Loughrey,3.634215302,1.193586271,2.98613328,2.714399272,Female
Terri Trengove,3.209604732,2.72373676,2.637153846,2.849623193,Male
Rasia Strickett,3.474767341,1.246777381,2.205330952,3.892997058,Female
Cynde Grosvenor,2.579609187,3.831534281,3.35139686,2.588281078,Female
Melodee Dumphries,1.115181176,3.111252399,1.675141805,3.627024284,Female
Patten Souza,2.269441945,2.782873547,2.772402728,3.989364813,Male
Jewelle Botwood,3.655353987,2.898210122,2.711007158,3.550099142,Female
Ulrich Buxam,3.916177172,2.511599891,3.263814212,2.332932383,Male
Rowan Marryatt,3.082214559,3.578629717,3.982445118,3.908023668,Male
Cathleen Molen,1.749297069,2.007219362,1.976077358,2.404426192,Female
Beau Angrove,1.14486766,3.797942981,3.155801816,2.054994313,Male
Melvyn Maseres,2.155545635,3.965620736,1.387543645,1.284945567,Male
Mayer Lenton,2.058769771,2.201672138,3.140063256,1.254809102,Male
Philomena Ponten,3.738250936,1.297227844,3.68602355,1.198564978,Female
Billye Tourot,1.641427341,2.433914922,2.154998035,2.326845293,Female
Dahlia Cicullo,1.201217617,1.377029351,3.344635348,2.30230032,Female
Marsh Crudgington,1.580068169,2.048563201,2.461265008,3.391920739,Male
Pavlov Megson,2.033341333,3.493197859,3.157459738,2.786268605,Male
Bee Beggs,3.305305962,3.108211628,2.811805399,3.036754739,Female
Eimile Brokenshaw,1.42948591,2.560938091,3.17525136,3.143261589,Female
Roanna Antczak,1.591558561,3.767802928,3.739775477,1.709684245,Female
Bertha Cominetti,2.924790604,3.900313097,2.78585949,1.061997506,Female
Carolynn Gare,2.636274615,2.949183233,2.193903136,1.364034862,Female
Ofilia Vedenyakin,2.996586715,1.841476171,2.208954879,3.500585535,Female
Bobbie Gabitis,2.233563639,3.8626123,3.325259988,3.565241094,Male
Riane Panter,2.48345243,3.646786753,3.576100744,3.336526147,Female
Gayler Strutley,2.954988808,2.41007654,2.973807189,2.870440721,Male
Arnie Keppie,1.923813965,2.121910608,2.286212535,2.90575526,Male
Care Riggoll,3.325461516,1.195434799,3.49137547,3.435033346,Male
Fleurette Dumbelton,1.685115027,2.392772577,2.386723041,2.942736616,Female
Eb Smillie,2.233324225,3.296919627,2.920302961,2.172713042,Male
Kellby Lethebridge,3.009350795,2.395516344,1.822656194,2.973692314,Male
Addi Scawen,1.74176315,2.636226632,1.902355055,1.609965044,Female
Salomone McLaine,3.469259902,3.890620283,3.81932243,3.9460668,Male
Merrill Fielden,2.799299868,2.775160733,2.039298643,3.335910492,Male
Justus MacMechan,3.614639251,1.3091424,2.030554938,3.307849452,Male
Pepita MacCleay,2.883719725,3.906471132,2.607740551,2.900367607,Female
Ricardo De Vaux,2.278772273,2.359936458,2.12119888,3.080276986,Male
Joan Yanshin,1.63831201,1.1910384,3.29291383,2.061903527,Female
Westbrooke Henfre,3.373801838,2.942759653,2.270794516,1.69126062,Male
Jonie Cauthra,2.883364585,1.032914405,2.032016338,2.424411965,Female
Rona Hartus,1.698275537,1.292119921,1.450478166,1.30143239,Female
Adeline Dollard,2.914858853,1.357192607,3.951054314,1.777005819,Female
Hobie O'Sullivan,3.279670164,3.81457507,3.69244865,3.361186648,Male
Clemente Hickenbottom,2.133646766,3.353477972,2.351212187,2.7422156,Male
Lorain Archibould,3.712638451,3.341875181,3.838572251,2.625049995,Female
Matteo Slidders,3.564589629,1.533152572,2.701065059,1.700960041,Male
Esra Eddison,2.738232945,1.998439508,3.598209665,3.14301482,Male
Tirrell Danelut,3.99542259,2.799578841,1.376777367,2.182308922,Male
Celia Richichi,2.229228667,3.271242986,2.325078486,1.953961239,Female
Jeana Pollitt,2.801804284,1.742386878,1.160607947,1.54032885,Female
Buckie Sevior,3.810397314,1.305095069,1.925819688,2.171894871,Male
Shelli MacGraith,1.233240294,1.778466865,1.490112701,2.058968579,Female
Mendy Stenbridge,1.893448229,3.531875836,2.298866019,3.598245311,Male
Rod St. Ledger,1.308748013,2.672524401,2.208651292,2.875630239,Male
Lorie Arnoldi,1.63140875,3.697679235,3.871854548,2.529324347,Female
Bekki Castane,1.991062002,1.080990088,2.704238299,3.645496029,Female
Dewie Hritzko,3.544212367,1.237283263,1.472927414,3.692363105,Male
Bobby Eldridge,3.755747846,3.477913674,3.681611195,3.107569596,Male
Shel Solloway,3.981363041,1.519808318,3.080692676,3.695220093,Female
Nathan Avieson,2.833034177,2.270150614,1.551954749,3.606858348,Male
Aldous Diwell,1.449531926,1.263998243,1.704013585,2.214682856,Male
Edsel Capnor,2.854935807,1.491698705,2.294191811,3.352867071,Male
Tomkin Trosdall,1.715355084,1.633216808,2.453987217,3.863926407,Male
Murvyn Ferier,1.512023972,1.269664977,1.535771594,3.528753386,Male
Marquita Brooksby,3.687914695,3.280499401,2.826053302,3.647836149,Female
Roana Fantini,2.591586317,3.776332664,1.385739863,1.560667877,Female
Vallie Longrigg,1.787953806,2.685611203,1.87867947,3.220082838,Female
Alexandros Upstone,2.53892133,2.981199965,1.876836201,2.097154704,Male
Van McKue,2.539113145,2.487909056,1.509673618,3.230228,Female
Persis Inskipp,3.640887621,2.165813572,2.720656722,3.462699206,Female
Arabel Cabral,3.509794062,1.632361133,3.077405075,2.404500546,Female
Xever Secker,3.708534435,3.457757771,3.423809624,1.613320566,Male
Mac Vater,2.848336752,2.510303413,3.469842145,1.771237243,Male
Erny Kirkbride,3.833495358,1.33477607,3.98938521,2.274103441,Male
Schuyler Hullett,3.055722209,2.735883933,1.994093013,2.985154005,Male
Dana Ricoald,2.083283742,1.479561237,2.099944048,1.691957595,Female
Herta Mullenger,3.299786064,2.274512413,3.006281166,2.464416637,Female
Sylvan Cradey,1.051490203,2.317804808,3.630118502,1.736678425,Male
Hazel Brooksby,1.508794736,1.095699997,2.029700954,2.491078947,Female
Les Crosswaite,1.39457639,3.657330538,3.356484667,3.43961629,Male
Ivette Hammill,1.475921153,3.156213203,3.462830346,1.824909303,Female
Xenia Spillane,1.457344472,2.828246941,1.247222414,2.337225165,Female
Meghann Tummons,1.487171627,2.179827793,2.978902151,2.666289719,Female
Danny Kildahl,2.108206706,2.577057518,3.929006908,1.408869687,Male
Marcel Briatt,2.764361445,1.972877608,3.130470223,3.545306012,Male
Arnold Patey,3.541927316,3.4645351,3.431992956,2.606797028,Male
Garrek Bowdrey,3.350406013,3.118505696,3.053247575,1.029006081,Male
Victoir Brusby,3.205092075,1.243925799,1.857447107,2.762221734,Male
Nalani Arton,2.360369023,2.969709017,3.512989827,1.65440049,Female
Jamill Cainey,3.115832812,3.12631283,3.156492537,2.123622022,Male
Lucille Bunch,2.803119993,1.964273044,1.128152377,2.325712831,Female
Alaric Dureden,2.562560325,2.554935813,3.526599357,1.424970067,Male
Moss Gay,2.075068762,1.213930911,3.937753074,3.573084115,Male
Ealasaid Genney,2.140342285,3.349913537,1.242653961,3.611773225,Female
Rafaelita Wicklen,1.688012913,2.804958327,1.189302547,2.919054755,Female
Skipper Lancastle,1.0534658,1.765712465,2.779839917,2.731248309,Male
Emlen O' Bee,3.874528286,1.600255016,2.210890574,3.961588141,Male
Juana Landsman,1.144715669,2.257285873,2.708156463,3.257053142,Female
Lotty Bielby,3.94035973,2.132741604,3.866305713,2.032242791,Female
Helge Wheadon,1.61409623,1.090709497,1.771071087,3.911266059,Female
Ian Degnen,1.911582912,3.784641402,2.874650874,3.978253947,Male
Penn Ashbee,3.582108831,2.571096857,2.167276612,2.053643058,Male
Chaunce Billin,2.466831459,3.119623019,2.676396362,2.280575818,Male
Darryl Cannavan,1.573966337,2.403602228,1.740991402,2.795290637,Female
Cleopatra Espin,1.34573177,1.579755674,2.110292599,3.526588848,Female
Idette Ison,2.836307783,3.383476831,3.883581162,3.784549681,Female
Lanae Giscken,1.803015246,3.153181923,2.228792334,1.205463776,Female
Cody Massard,2.951955087,1.936881089,1.476174269,2.35186054,Female
Rollin Ravenhill,1.149554098,1.168266925,1.99131327,1.590751138,Male
Sibylla Dilkes,2.306966188,2.591399056,3.423111304,2.078342369,Female
Waneta Swiggs,3.682736778,2.442610337,3.469855202,2.392344223,Female
Cart Topliss,2.911714997,1.665930334,2.629434354,2.184138668,Male
Catlaina Pyecroft,1.460764713,2.296996926,1.400993573,1.89716429,Female
Aaren Maseyk,3.117850217,1.742379057,3.924650125,3.872458305,Female
Hulda Tims,3.235017729,2.903581336,1.831249017,2.781665938,Female
Nikki O' Lone,2.277041717,1.894815686,2.046552379,2.22170458,Female
Enid Sawbridge,3.432131221,2.606096333,2.093647932,3.856688091,Female
Minnie Cumberledge,2.1077394,2.797132262,3.205547094,1.383486755,Female
Heinrick Mishow,2.407278554,1.813083007,1.311391885,1.394340913,Male
Alina Van den Dael,3.189717859,2.322652023,3.054442015,1.491686461,Female
Danila Geaves,2.438358286,2.198911414,2.13800852,2.784920407,Female
Domeniga Moogan,3.482098298,3.66015684,1.195784297,3.139245143,Female
Linnea Cawte,2.879691538,2.844899921,3.035518443,3.097412957,Female
Franchot Wims,3.072798558,1.021136489,3.10029636,3.328637583,Male
Armstrong Macenzy,3.202421151,2.706847199,2.156545089,3.672497418,Male
Shelby Bansal,1.558475529,3.532582396,2.736808407,1.779439468,Male
Benjamen Kunrad,3.515916693,1.154052851,2.500860092,1.940606363,Male
Horst Ellum,2.328357626,2.520422172,2.639705348,2.787998479,Male
Bartlett Spurrior,1.263978558,2.019579202,1.37229248,1.205973566,Male
Dwayne Novis,2.469921484,1.259535104,1.908250825,3.80207502,Male
Alexandre Shaylor,3.914489024,2.916594856,1.00968434,1.956735011,Male
Tucky Elnor,1.732276509,2.702186955,1.565010612,3.086920738,Male
Anne-corinne Shambrook,1.397053112,2.273163304,1.004707747,2.597346878,Female
Rik Ashworth,3.43229393,2.076782352,1.13259368,3.409326255,Male
Bradney Grandham,3.372030901,3.559728949,3.576029979,2.068289173,Male
Erick Pedrielli,3.806752087,3.260653427,3.309509071,1.113081304,Male
Deni Danielovitch,2.16026836,1.751837663,3.360673833,3.168801787,Female
Lennard Wooland,3.530629906,2.877960193,1.504460334,1.285447517,Male
Markos Garnham,2.82327597,1.075500096,1.040081689,3.159729245,Male
Dianna Cops,2.310709404,1.805253894,2.691876827,3.633710522,Female
Gaston Ibbotson,1.53239764,2.99668703,2.395595815,1.930696941,Male
Forester Palfree,2.08646146,3.138909863,3.514956715,1.138497589,Male
Hannis Laister,1.632595165,1.441982118,3.557904964,2.948402474,Female
Gerladina Lutton,1.682488997,3.029256086,2.264827924,1.945655672,Female
Richart Kingswell,2.272237048,3.766481746,3.531929648,1.604111633,Male
Georges Ashforth,2.418662753,1.671674075,2.200455626,2.679367473,Male
Garrik Devitt,1.771266416,2.094186596,3.719356399,3.11070591,Male
Richmond Kencott,3.634581462,1.422841616,1.843785512,2.122598403,Male
Augustine Johananoff,3.048195728,3.724276267,2.36841812,1.29175661,Male
Edy Kilius,3.587298874,2.67906281,1.643116414,2.994635613,Female
Minne Dilleston,1.653975928,2.801172703,1.28489074,2.779699143,Female
Sena Lofting,3.691901341,3.152624365,3.855122531,3.693867517,Female
Ernestine Matterdace,1.697435797,1.196327839,1.911887936,3.077301216,Female
Tommie Assender,3.075704441,3.893009608,1.351750022,2.675301796,Male
Alexio Gotfrey,3.119871503,2.505999259,2.526935881,1.305660372,Male
Augusto Toulch,1.866567105,3.797044542,3.836223119,3.194306781,Male
Rosina Pittson,2.681570796,3.288410978,1.846674174,1.746772951,Female
Gert Hercules,3.659969572,3.945441763,1.188353321,3.349829365,Female
Demetrius Hazelgreave,3.838151484,3.851445457,3.135224717,2.159830467,Male
Mariana Ziebart,2.248924409,2.608760253,2.961725343,3.525609653,Female
Pammi Leonardi,3.394687662,2.498709484,2.318709261,1.325145812,Female
Rea Aarons,3.160861716,2.599532399,3.136207274,1.785858347,Female
Traver Haney`,3.845803174,1.892873062,2.338588793,1.99152523,Male
Norah Cobbold,2.079145149,2.229660706,3.464547885,1.570037412,Female
Edyth Caser,1.977973267,1.306164872,1.689103941,1.631046847,Female
Stanford Statefield,2.514019589,3.837165597,3.924663313,1.087199459,Male
Silvanus Rispin,3.144144924,3.739303863,2.397245449,1.873942438,Male
Mariann Tasker,3.460857352,2.305264344,1.631237055,1.538657302,Female
Maitilde Boleyn,3.115490045,1.089795198,1.187821382,2.317768372,Female
Ines Tither,3.115268918,3.728573653,2.698679321,2.896672126,Female
Foss MacRannell,2.223135077,2.946513915,2.578187018,2.384098123,Male
Mac Crinage,3.576579965,1.689798704,1.854466226,3.993403196,Male
Eugen Chappelow,2.779783591,3.887497424,1.930206477,1.498890935,Male
Elwyn Deakin,1.726862561,3.056811652,3.552394292,3.200469229,Male
Jermaine Strang,1.144503892,3.977409554,3.441042218,1.441147683,Female
Erma Bea,3.515299186,3.136487943,2.080425406,1.299067354,Female
Basia Mulkerrins,1.210666864,2.327062382,1.625302669,1.153775473,Female
Mathew Gallichiccio,3.89994809,2.626887445,3.72143206,2.28037325,Male
Didi Hearsey,1.954167347,3.449866332,2.581868667,2.961593191,Female
Althea McMoyer,2.022627597,1.852820084,1.361344208,1.729696859,Female
Joycelin Chevin,2.14042269,3.953193876,1.096074834,2.812844735,Female
Bamby Vicioso,1.832985942,3.1879977,2.138793765,3.130251515,Female
Chico Fessier,1.98903969,3.451226858,3.561000579,1.251251291,Male
Korella Govey,1.496066651,1.840546592,3.626887834,3.475079431,Female
Marietta Kastel,1.067057726,1.292316541,1.364403757,1.47861253,Male
Emmie Bradder,2.35592468,3.318918303,1.638703477,3.073495145,Female
Vivian Porteous,3.224655863,2.232900609,1.671314985,3.382851901,Female
Benton Trundle,3.614939915,2.191955219,1.974673665,3.292426297,Male
Win Leamon,2.067150267,2.195285653,2.946962698,1.756467366,Male
Bald Castiglioni,2.163792068,2.530006616,1.17923118,3.975913748,Male
Randee Ewbanck,2.133512578,1.663759209,1.415125878,3.519481896,Female
Carson Farish,2.92729408,2.210165059,3.749782695,2.908370107,Male
Dredi Owain,1.008720007,2.651872089,2.535175577,3.182498923,Female
Lee Keelin,2.422494011,2.671291332,1.158365968,3.105102562,Male
Dulcie Hanburry,2.016261533,1.299132135,1.302994083,3.715761038,Female
Mickie Shevill,2.791481806,3.422208756,1.881138325,1.761088127,Male
Roddy Maraga,3.967212465,2.661796442,1.255525758,2.465597736,Male
Carlyle Bengle,2.594990491,3.8058744,2.147946952,2.531226908,Male
Michaela Greader,1.047127198,1.384161249,3.646475619,1.1362406,Female
Filia Condell,1.456726461,1.907276762,1.115621152,1.275086025,Female
Cornela Vanacci,1.594660772,2.827789569,1.193765661,1.808657622,Female
Bartholomew Gummow,3.604881475,3.187411111,1.825239124,1.482269813,Male
Lew Maceur,1.611196208,3.263456224,3.550598166,2.91098652,Male
Lexine Narbett,3.203198726,3.798750303,1.016096993,1.846230615,Female
Tamqrah Duddle,2.732171844,2.635137365,1.62318061,2.787678896,Female
Nelly Tungay,3.997889261,3.680875686,1.717663855,3.735323418,Female
Zahara Gullane,3.724005258,2.849228229,3.282795271,1.645062809,Female
Molli Travers,3.90983671,1.452286392,3.619940497,2.747936981,Female
Guthrey Ovid,2.324953072,2.079660426,3.506708362,2.977721622,Male
Greggory Docharty,3.24615155,1.667231053,1.208465712,1.727684747,Male
Tuesday Sellack,1.763646881,1.302901456,2.243180136,2.004158334,Female
Iorgos Ram,1.853392649,2.118442818,3.205488386,2.406774613,Male
Way Guild,2.999382367,2.967321572,2.069216963,1.660039666,Male
Ashleigh Werrett,2.646875193,1.20496852,1.217622517,2.753755473,Female
Timothy Scotchford,2.089968229,3.908950917,3.424562002,2.975227482,Male
Klarrisa Greeno,3.041684188,1.838350959,3.138450288,3.698933665,Female
Durante Martinuzzi,3.634878534,2.493865159,2.558955644,1.048448408,Male
Glori Ruby,1.127480283,1.392756533,1.578817451,3.625884491,Female
Mallorie Rodrigo,3.603677485,1.558794443,1.237215828,3.801467867,Female
Shaughn Reck,3.017346979,2.262597444,3.737770529,3.304114352,Male
Juieta Treslove,3.746881198,3.819776151,2.977464115,3.875049984,Female
Jarred Westfield,3.657293893,1.779688935,1.934790311,3.913495514,Male
Willem Lipsett,3.47292208,3.153556425,2.579980026,1.213084953,Male
Russell Naden,1.26167064,1.495473918,1.483071788,1.991960354,Male
Saundra Buchanan,2.621483172,3.223879388,3.862090853,3.983717234,Male
Floria Fawkes,1.332948229,3.07499469,2.031583911,1.283178493,Female
Chilton Shorter,3.09943802,2.198905395,2.344235941,2.621486549,Male
Lonnie Marcussen,1.63045244,3.338876312,1.066599819,3.703968486,Female
Kasper Clifford,2.471078424,1.22793421,2.387558948,3.715806091,Male
Sam Beebee,1.983351709,3.773928005,3.914742031,3.737516252,Male
Christoph McCreagh,1.117670825,2.932471368,2.751903278,2.373929968,Male
Cad Beardsley,1.605504755,3.856647046,3.240136895,2.128603405,Male
Harman Slany,1.98822029,1.813798764,2.448235512,2.182070939,Male
Estrella Tethcote,3.486676396,1.160917423,2.85040328,1.950817915,Female
Ajay Flecknoe,3.298127636,2.738487763,2.772147254,1.595701485,Female
Zia Messingham,2.498464506,2.572310939,1.038413527,2.415347037,Female
Torrance Toffler,2.538326181,2.440206567,1.903723425,2.048498491,Male
Elly Pennacci,1.250260678,1.253904573,2.943256423,2.596703268,Female
Arne Jacqueme,3.179207595,3.770688835,2.109912052,2.037288578,Male
Will Pooke,3.021119359,2.354701895,1.378944227,2.694359876,Male
Ward Humphery,3.659136786,2.755706307,2.034943973,2.853176778,Male
Evin Petican,1.472887379,2.356833823,3.062760476,2.290607599,Male
Garek Inston,3.435422419,2.710897136,1.807605579,3.722798102,Male
Morten Wathan,1.421582736,3.491568464,2.863409077,2.822639686,Male
Agnese Leggis,3.068231139,3.928145398,2.442807624,1.963813285,Female
Cheslie Pert,1.105944377,3.862194124,1.542723092,3.15168502,Female
Jason Connick,1.154513603,2.935036664,3.633516596,2.857091436,Male
Gae Lubman,3.087864867,1.544740279,1.246854518,2.868553964,Female
Amos Tedahl,2.567068898,1.550655861,1.808524128,1.043327306,Male
Barbabas Mcwhinnie,2.220167816,3.878647594,3.796425196,2.969829174,Male
Thorpe Chetwind,1.209047472,2.642591069,2.029739001,1.260196719,Male
Meryl Hardinge,1.861401826,1.542591228,3.413435669,3.606231848,Female
Micky Capeling,2.93520363,1.805616825,1.170019748,3.733116998,Male
Lou Grinham,1.225464143,2.629064967,1.519451255,2.067030198,Male
Teresa Piller,1.334138313,2.160401901,1.025173203,2.746080379,Female
Melodie Tume,1.757348371,1.958976341,1.512842211,3.234050538,Female
Sheffy Hulett,2.742289162,2.405006582,2.37206584,3.527231519,Male
Syd Sessuns,3.689210334,2.315134482,3.671035533,1.564699677,Male
Sally Mosby,1.428000641,3.786450946,1.350930939,3.597467733,Female
Normy Kingerby,2.58958895,3.519944036,1.773283827,2.349652619,Male
Sonny Lightning,2.746563534,2.18416654,2.98059942,1.776330806,Male
Gregorio Rosenbloom,2.785811766,1.900052226,2.479299073,2.571931834,Male
Laurianne Sample,3.684120658,3.373957141,3.869064715,2.251911804,Female
Godard Walenta,2.59457394,3.141945362,2.834469309,2.42295951,Male
Wenonah Siggery,3.78299509,2.02174693,1.825067714,2.442398192,Female
Holly Fatharly,2.710593321,1.298498859,1.667643507,2.929666688,Male
Tessie Erie,1.562177875,3.788081817,2.420645122,3.230111598,Female
Connie Bahia,2.905226274,2.041936724,2.456846967,1.471492622,Male
Jereme Baxill,3.445087936,2.035429974,2.440112661,1.08615404,Male
Trula Kidgell,3.837550884,3.956951486,3.136860991,1.934045026,Female
Farrand Gagen,3.367779253,3.390239975,1.945237239,1.850709706,Female
Agneta Osboldstone,1.596668935,1.069256033,3.257190838,2.415624785,Female
Jodie Zylberdik,2.307704906,2.457152379,2.87478156,1.50236681,Male
Mozes McMurray,1.381095104,3.646126662,2.666088123,3.381020117,Male
Rhett Djurevic,3.213849799,1.995468542,2.764518749,1.706588508,Male
Frederica Gelland,2.527284386,3.481524531,2.181492658,2.602437191,Female
Ray McNeilly,2.22019304,2.940853281,1.49600235,3.594129733,Female
Bogart Bellocht,1.667704259,3.034938201,1.941128629,1.396638837,Male
Esdras Mengue,3.85784788,2.765155525,1.534689942,2.026368966,Male
Bartlett Sket,1.2075579,2.41618018,2.505866388,1.075040954,Male
Devlen Achromov,1.807276078,1.266161553,1.704824301,3.590317057,Male
Trace Roskams,1.361560818,3.384333943,3.752319762,3.710237284,Male
Adriane Doick,1.948126679,1.257768572,1.313534046,3.601862584,Female
Babs Bosche,1.345604411,3.811274247,2.43820588,1.912833178,Female
Zak Tuberfield,1.350055179,3.268504826,1.20224845,1.217290501,Male
Andra Rylstone,3.562227831,2.131115774,3.5247067,1.353892901,Female
Marcie Holcroft,3.018527004,3.289811736,2.660693765,3.382104347,Female
Kalila Lanktree,2.709945288,3.503865475,1.63178479,3.866920269,Female
Patten MacAlinden,1.289857207,1.45487177,1.288356427,3.319758185,Male
Wit Ramsdale,2.244451989,3.732344755,1.717147117,3.103756634,Male
Carlyn Jakoubec,2.64992391,2.051307592,3.589854114,1.204795728,Female
Inigo Letts,1.393003431,1.13491752,1.636847147,3.047661865,Male
Rafaellle Redd,3.378926017,1.496496368,3.728268281,3.293640776,Male
Stewart Burtonwood,2.359363303,3.669245249,1.918219299,3.902119725,Male
Jereme Tibbits,3.734862835,3.377310148,2.119098939,2.569403193,Male
Nappy Polet,1.695357262,3.003263135,1.970858391,3.626952631,Male
Tuesday Janauschek,3.82107059,3.767511751,1.206620732,2.835321644,Female
Roxane Maynard,1.521593973,1.505444478,1.376504586,3.631720673,Female
Ellissa Selly,3.284813998,2.04472005,2.367511159,3.040087399,Female
Jewel Roderigo,1.886995881,2.031392382,3.991948974,3.805461686,Female
Curtis Crawshaw,3.63042257,3.266187683,3.647556912,1.393790156,Male
Armin Licquorish,3.410629139,1.426124211,3.527902641,3.679085628,Male
Ralina Strick,3.099384805,2.507759002,1.12686727,1.77514235,Female
Merrile Royston,1.37469608,2.226271296,1.074649196,3.68503415,Female
Brunhilda Note,3.134679548,2.601233725,3.780897397,3.057955853,Female
Elbert Ziemecki,2.851959645,2.225790019,3.087986419,1.198643245,Male
Clo Ralston,3.132663292,2.843973,3.3881761,1.916676155,Female
Carrol Aspin,2.044381321,3.404132458,1.932031656,3.564253732,Male
Lindi Wishart,3.458274745,1.579902338,3.177666808,1.389007491,Female
George Toping,3.791692343,3.467352391,2.978633634,1.029385387,Male
Milissent Douce,2.590048939,3.565318859,3.703318342,3.222639971,Female
Emeline Bertomier,2.988276158,3.078199201,1.220532681,3.337076889,Female
Kathie Galpen,3.791465,2.284466946,3.050679886,2.439598461,Female
Alfredo Mazzilli,2.999390273,2.354240037,2.866022704,3.281044301,Male
Cilka Steers,3.127437699,2.286380888,3.603540845,2.649986586,Female
Cherri Martins,3.285524346,2.944408761,1.303364174,1.048835909,Female
Dre Bareford,2.355041602,2.570319045,2.820682028,1.834210436,Female
Kipper Kluss,1.06816883,1.984681348,2.194224564,2.096491105,Male
Katerina Atheis,1.64564548,1.815362454,2.343066302,3.858241808,Female
Shepard Reggler,3.88003785,2.11420225,2.432273417,3.355242856,Male
Garold Wrassell,1.986058968,1.184496335,1.053829762,1.183263621,Male
Marius Acum,2.543678508,3.943180473,2.169264941,2.462467366,Male
Sauveur Wellington,3.674654508,1.91005303,3.418932537,2.870066746,Male
Tuck Rominov,3.309497422,3.909673934,1.785040486,2.457975814,Male
Titos McPolin,2.7791135,1.94832762,1.821183892,2.146539728,Male
Tonya Crookshanks,1.084525262,1.020344413,2.192659008,3.123817777,Female
Jaime Sancroft,2.023162179,1.68648364,2.712016553,1.397729568,Female
Stirling Golightly,3.934987616,1.594169585,1.65812585,2.023467704,Male
Patricia Ritchings,1.706874118,2.696440326,2.38906843,3.992612179,Female
Sela Francescoccio,1.293203174,2.460612492,3.74236434,1.520347586,Female
Bernardo Wiltshier,2.732707897,3.027821464,1.049265389,2.215544521,Male
Henryetta Killiner,2.56765729,2.062966711,2.804575341,1.748199552,Female
Hendrik Briand,3.917406201,2.073907887,3.091068048,1.718204899,Male
Christiano Manhood,1.101046428,3.121899514,1.661510901,1.934209125,Male
Jaime Loutheane,2.622364613,2.578084747,2.481433227,1.816603394,Female
Clari Chittleburgh,2.665014966,1.27573796,2.169028199,2.306075279,Female
Alex Greenman,2.046948144,1.395614866,1.044305685,3.5346616,Female
Weider Toffel,1.169448857,1.358959295,1.370237613,2.456366278,Male
Avie Lennon,3.940201198,2.101424185,3.759481196,3.293558346,Female
Conant Island,1.559848942,2.54083901,2.956234404,3.793770224,Male
Pebrook Trundle,3.976820137,1.911321344,1.43064656,2.301506597,Male
Loria de Aguirre,2.774740639,3.176271044,3.200144908,1.786649626,Female
Rhetta Tour,2.107593629,3.574571307,2.4567109,2.406924993,Female
Abrahan Pargetter,2.165201197,3.431810865,1.902056615,2.685750276,Male
Lynne Stefanovic,1.406648701,3.738093314,2.11275529,1.986567381,Female
Demetria Mynett,1.559175307,1.216058451,2.400720793,1.561807517,Female
Harley Nichol,1.758818302,1.660256543,2.241635407,3.449867415,Male
Shaughn Dyson,1.556103863,2.789792324,1.184411715,1.588657032,Male
Kendal Cockley,1.487908992,2.961784674,3.141500325,2.749087411,Male
Michaella Gerrans,1.910927766,3.089135494,3.097654213,1.626153001,Female
Mehetabel Enser,3.295306036,2.729854342,3.487397419,1.724177002,Female
Flinn Bere,1.812937548,2.658028414,2.267366195,1.270580513,Male
Katha Harriott,1.361151493,3.545093894,2.744309554,2.059732347,Female
Andria Tullot,3.989524096,2.2050498,2.743853836,1.420036856,Female
Bibby Paulin,3.185414546,1.072058524,1.917676224,2.242403712,Female
Marven Towlson,1.420248686,1.549827828,1.150257511,3.0488828,Male
Kittie Rees,2.51055109,2.27128285,2.91516609,3.731694737,Female
Manny Apedaile,2.927540892,2.420773307,1.541952085,3.982287856,Male
Leshia Landes,3.6290946,2.010576526,2.223839165,2.409264796,Female
Dominique Howell,1.338204523,1.715756536,2.961395666,1.422548942,Male
Gardie Haselden,2.586789864,1.291524654,2.803410936,1.877458372,Male
Renata Mowsley,3.16118461,2.658992429,2.608480634,2.276744428,Female
Torr Killoran,3.076139272,3.887804036,1.165533996,1.911267535,Male
Gypsy Heynen,2.560362169,3.228376205,3.22068064,1.625681557,Female
Justinian Lawee,3.170726332,2.616645601,3.590349845,2.003247894,Male
Noemi Wims,2.118257524,2.404576351,1.00932807,2.77125826,Female
Jeromy Feake,3.387132683,3.557579799,1.106389635,1.243044194,Male
Alejandro Pease,2.137045959,2.512782391,2.881454566,3.393007353,Male
Robin Frantzen,3.852785678,3.306377973,2.044321145,2.425255647,Female
Isaac Denisyuk,3.302791163,2.275503714,1.668454552,2.53178966,Male
Lionello Crutchley,2.641360129,1.753694836,3.042022343,1.582999767,Male
Cull Baffin,2.899688204,1.818852638,3.153215553,1.990895285,Male
Harriott Kidman,1.65127687,3.011642552,1.729174997,3.587435743,Female
Carol Jacquest,2.558557522,1.622350053,1.613746478,2.923737952,Female
Eartha Wyre,1.839040548,2.556035568,3.8404943,3.382473848,Female
Walker Gamet,2.056863052,3.483527579,1.214483362,3.10184485,Male
Kissee Jewiss,1.375019595,1.546318713,3.952942502,3.519326171,Female
Prudence Dashkovich,3.21410909,2.446014858,2.088395219,1.086482232,Female
Lottie Donhardt,2.78896961,3.427407164,2.603293159,3.05581607,Female
Chris Puller,3.408142978,1.406093673,1.531713197,1.506958398,Male
Ker Sizeland,1.352150864,2.730685989,3.181134129,3.62633282,Male
Mahmoud Mundall,1.248205263,3.058847955,3.298784309,3.619004772,Male
Romy Farrant,1.34769738,3.926431831,3.296728432,2.92613171,Female
Olenolin Zaczek,1.425324412,3.594620017,2.603173819,1.670216021,Male
Revkah Jurkowski,2.787802895,2.302043034,1.139010547,1.196575367,Female
Aurlie Affleck,1.125118623,2.136595135,3.27184948,2.887316132,Female
Aundrea Edelheid,2.4201576,2.538417707,1.332609716,1.039158601,Female
Modestia Fairrie,1.110824464,2.035718016,1.559120425,1.912438177,Female
Dixie Pude,2.499651513,2.586599443,2.304932625,1.466463417,Female
Jody Glenn,1.148415544,3.10042264,3.793590683,3.608627682,Female
Augie Kettlewell,3.078003131,3.878261517,2.750280121,1.439555931,Male
Sholom Klaas,1.290441425,1.431058596,2.370346546,2.590217255,Male
Darleen Earry,2.736238111,1.787532016,1.185084918,2.22623312,Female
Bethina Snashall,2.512423496,3.723477566,2.766242109,3.656863807,Female
Eirena Risbridge,2.392228099,2.954912088,1.268664215,1.220461946,Female
Alejandro Erangy,2.121565556,3.32408285,3.522096919,3.984419683,Male
Doll Woolstenholmes,2.714260343,2.192267272,2.947649936,3.410174495,Female
Marlee Cant,3.201875247,1.308135296,2.1831237,2.399360551,Female
Ado Flageul,1.148471961,1.316213252,2.641517147,3.249298816,Male
Olin Roubert,1.252536218,2.513600581,3.548829651,3.940369449,Male
Gal Iacobini,3.801024231,2.460739331,3.675569778,2.623313025,Male
Mady Burder,2.172456969,3.552229535,3.822115292,2.145122474,Female
Dawn Ronan,3.516088567,3.732009622,1.828212713,1.065767426,Female
Garreth Basnett,2.254460157,1.664479538,1.920846958,1.23600903,Male
Nada Durrans,1.403356647,1.171059708,3.045865183,3.022468891,Female
Codi Keedwell,1.813947511,2.532681611,2.091082319,3.363475438,Male
Genna Curphey,3.511934835,3.573247132,1.700557705,2.01923025,Female
Vidovic McClaughlin,2.21984991,1.456778785,1.684556993,1.127435594,Male
Elvera Kyneton,1.40793182,1.80749396,3.607739892,1.806249898,Female
De Farries,3.303139479,3.592557899,3.07938848,2.316653711,Female
Ludvig Petrelli,3.458153213,1.418926337,2.507997142,2.37115159,Male
Margette Kestian,1.847481666,3.052681837,1.929563704,3.931694923,Female
Toinette Killough,1.976617016,2.223418486,2.527259648,2.831108196,Female
Vonny Lalevee,1.611274397,2.048951509,2.136082449,3.748757257,Female
Carola Blackway,1.835362535,2.76446576,2.546578976,1.366722286,Female
Sloane Insley,3.754066044,3.443832891,3.896993647,1.276188742,Male
Nissa Sheppard,2.415800868,1.562450887,3.780256121,2.483588459,Female
Ericha Tommaseo,1.981065033,2.614802068,1.378386087,2.406685972,Female
Annis Blesing,1.030663352,2.200250316,1.093160111,2.62566029,Female
Valma Djurevic,3.505956845,3.351294942,3.053739959,3.293543503,Female
Torin Bust,1.852622543,2.369160079,3.613006517,1.150865998,Male
Kylie Thornhill,2.365622875,3.861792092,2.800131878,1.271996054,Male
Laurice Pettus,2.421686418,1.78860889,2.521000706,3.03172449,Female
Junina Medcalfe,2.001046138,3.23022774,2.501460178,3.83964535,Female
Roxie Galey,3.972726369,3.096305317,2.855384912,2.215080808,Female
Hanni Janko,2.411153898,3.090558885,1.177969641,2.672921476,Female
Kellsie Ingrem,3.90339822,2.216095453,3.291576439,2.966205534,Female
Leanor Bilson,2.134227245,3.855913097,2.020247451,3.786668998,Female
Tynan Gilman,2.16328351,2.08907289,1.28198134,1.475236074,Male
Jayme Kelberer,2.37822346,1.417342413,2.851363008,2.406609236,Female
Codee Durie,1.601087617,3.466384435,3.744173299,1.474771286,Female
Keir Lyman,3.639011522,2.438484768,3.977182892,1.437487395,Male
Amby Jereatt,3.767926603,2.227767151,3.194614337,3.374322183,Male
Tabbie Fleeman,1.165211731,2.756832504,2.941918699,2.648036198,Male
Sydney Overthrow,2.541227914,2.932897931,3.574888181,1.765998347,Female
Agathe Condict,2.705795833,3.458081164,3.586458394,2.037045384,Female
Clyde Dorey,1.18922393,1.528633488,1.98514211,2.061403428,Male
Emlen Verma,1.004893583,1.642487025,3.466031732,2.837026067,Male
Chickie Mankor,3.467610988,2.075999414,3.565251475,1.856485961,Female
Randall Gibbins,2.288351855,2.404760032,2.060819628,2.325864528,Male
Josie Beynon,3.31802168,2.147803016,1.894271414,1.267862125,Female
Howie Meddings,3.527212647,3.997881731,1.162715754,2.950802319,Male
Kelila Barney,2.52488739,2.790770111,1.226393952,1.224446787,Female
Armin Dows,3.67871854,2.516975903,3.75242279,2.055530437,Male
Josepha Carbett,2.017440765,2.814016493,1.34089443,3.691293581,Female
Morrie Duligal,2.399873676,2.102692555,3.530498805,3.038594258,Male
Carroll Rosedale,3.592547897,3.747602591,2.378590235,1.941993325,Female
Skylar Cosley,1.340928311,1.275775688,3.643547151,2.70402586,Male
Serena Kemson,2.65403132,2.99989697,3.858089111,1.395374057,Female
Evin Luno,1.451168856,1.063574731,3.132815134,1.279012968,Male
Muffin McShee,2.162445221,2.519348586,2.051401295,3.652202208,Male
Winfred O'Dare,1.25011437,1.929477721,3.102609695,2.139319203,Male
Sibylle Leary,2.536674035,1.655162913,1.806032673,1.787641849,Female
Flss Benyan,3.024457754,2.12928576,3.527801033,1.075811749,Female
Felike Roubert,2.609454966,2.488575792,2.04923989,2.110990611,Male
Mortimer Tassel,3.648662319,1.581381493,1.100544186,2.429193793,Male
Shirlee Richie,3.513312661,2.605123901,2.612521033,1.274648173,Female
Bria Marskell,2.755091614,2.60406158,1.116560269,3.912534913,Female
Aaren Vereker,2.265357131,2.587847905,1.732724018,1.7153105,Female
Tabby Wasielewski,2.715571411,3.68093004,2.985261504,3.948704714,Female
Timothee Skeldinge,1.723409445,2.408842597,2.635165182,1.524073059,Male
Chiarra Decort,3.942745859,1.611070969,3.166987696,1.690410038,Female
Dona Frazer,3.923390624,1.130562779,2.855726355,1.535335189,Female
Riobard Beamond,3.404234136,3.928684947,1.538998642,1.10968566,Male
Dodie Petrovsky,2.731332693,3.083775494,2.262080362,3.648920836,Female
Tiffie Willingale,2.455255966,2.928652373,2.6764201,2.111411758,Female
Donnie Ollerenshaw,3.559955622,1.655725887,1.840657236,1.320585727,Female
Saundra Lazar,1.816117283,1.944519975,1.711510487,3.027873685,Female
Talyah Artus,2.009190219,2.689906315,3.697815585,1.620489619,Female
Joby Naper,1.950481231,3.512493416,1.643698249,2.074034712,Female
Ruthy Haddow,1.115445337,3.987498603,1.984030164,2.337632892,Female
Kingston Leppington,1.444227155,2.735810438,1.830765377,2.193882377,Male
Breena Bourcq,3.502620729,3.433626003,2.154815196,2.120713079,Female
Barnard Furminger,3.647381287,2.591524359,1.798647593,1.794921433,Male
Alexis Hethron,3.550146291,2.460949334,3.644099828,3.718532143,Male
Morten Pengilley,3.189465778,3.478537038,3.741576126,2.272211216,Male
Robert Wimbridge,1.683063278,3.906820909,1.173733733,3.862748617,Male
Dallon Littlejohn,1.15868071,2.624219507,2.870839446,2.778686202,Male
Chaim Venable,3.076287639,1.34273642,3.681433383,1.640209419,Male
Davin Giovannazzi,3.100639425,2.677094458,1.286056198,1.374081055,Male
Abbey Deftie,3.894440367,3.651308943,1.132371164,3.286562894,Male
Nicola Quinnell,1.201936952,3.5367008,2.19050079,3.515262286,Female
Adrian Blackeby,2.671429915,3.087657207,2.469758568,1.57052011,Female
Caresa Christene,2.546256696,3.847604006,1.12352173,2.206867854,Female
Rustie Carvell,3.112874653,2.914962768,2.858987497,2.841014637,Male
Heidi Vynarde,1.977657736,3.739671374,1.009402163,1.064715492,Female
Aline Gosby,3.771133548,2.089948598,3.228678618,2.58601153,Female
Muffin Davidde,1.855292561,2.984562282,3.574666255,3.615904066,Female
Nehemiah McCambrois,3.072385559,3.141375565,3.171464003,3.353854947,Male
Gilda Matevushev,1.469289178,3.217206972,3.32067644,2.0083719,Female
Karissa Wilkenson,2.821973985,2.436947391,2.213233018,3.551260742,Female
Prisca Shilleto,3.829709428,1.814954404,2.314534877,2.124568203,Female
Enos Godbert,3.734506804,3.114948486,1.890170542,2.462407891,Male
Hortense Wernher,2.734377655,1.782008356,3.961067226,2.651991876,Female
Armando Keneford,3.381232603,3.300110338,3.735778487,1.634492125,Male
Randi Fronks,1.126369368,1.086104649,3.169411509,1.264577479,Female
Imogen Howat,1.06230427,1.800918885,1.457294172,3.281436406,Female
Tarrance McAlinden,2.507215009,1.065557508,2.129103108,3.664937469,Male
Louie Waszczykowski,2.838548067,1.687366678,2.574397467,1.077013338,Male
Clemens Fishleigh,1.250579921,1.703615714,2.956931156,2.537928449,Male
Dee dee Meaddowcroft,3.980141769,1.208752014,1.103181348,2.178751611,Female
Kendal Eltun,1.181913444,1.394379972,1.971633509,2.937262898,Male
Dedie Forge,2.802323505,3.986432938,2.125195163,2.195467039,Female
Kameko Anderl,3.79407819,3.677790876,3.756251555,1.253901922,Female
Tootsie Barnett,1.867476543,3.27165126,3.948289678,2.766480848,Female
Shannan Whitehorn,2.86269647,1.959263463,1.023561635,2.813084235,Male
Dolorita Waldock,1.509449894,2.675120305,3.424332607,2.817369487,Female
Curt McGrayle,1.242153953,3.081445545,3.992447535,1.352091106,Male
Olvan Deport,2.489695533,1.120065471,1.763164045,2.87501862,Male
Alejandrina Flacknoe,3.891177592,1.037436464,1.914796803,1.147047706,Female
Wilma Willoughley,3.669788348,3.842598598,2.247931571,1.51707071,Female
Ermentrude Bowerman,1.993479456,2.043600217,3.780103379,1.189052385,Female
Hephzibah Gammell,1.76980697,2.236632504,1.025899544,1.719359853,Female
Benito Scorthorne,2.824063531,1.606047704,3.592042562,1.836383325,Male
Teddie Sivewright,1.083860828,2.28627773,3.268002317,3.046736308,Male
Charmain Ryley,2.276360281,2.211827649,3.445906957,2.243326957,Female
Gilbert Butrimovich,1.434622446,3.908225548,2.060940279,1.838563602,Male
Flemming Burleton,2.292900839,2.209094745,2.901322391,1.975989124,Male
Henrietta Camillo,3.629357817,3.991278548,3.748479288,2.192295398,Female
Kim Stevenson,1.128112202,3.988148986,3.268398236,2.040641925,Female
Leann A'field,3.403661171,3.8435214,3.567349684,1.390625535,Female
Templeton Davids,2.04082365,3.367519909,1.130309248,3.748248595,Male
Marchelle Shalloo,1.194993018,3.509003286,2.947546551,2.093927517,Female
Vivyanne Thay,3.671516073,1.900931875,3.236500811,2.360133416,Female
Dominick Brunker,3.822908425,2.013039154,2.561469693,1.087253576,Male
Granthem Halsey,3.777423817,1.301069096,2.778553414,3.840528198,Male
Barron Espinazo,2.636873038,1.072116155,1.936380255,1.954969302,Male
Felecia Neylan,1.792111413,3.298692427,1.62866786,1.259020916,Female
Annice Ismay,1.519129891,3.98497809,1.872304592,1.99239006,Female
Lamond Voase,1.253060604,1.061312117,2.467372979,1.594027133,Male
Anabel Chatin,3.643391197,3.740988658,3.802936353,2.575632129,Female
Deeann Gurnett,2.705496422,1.29923136,1.237263339,2.988796128,Female
Claude Steagall,1.685796961,3.082941544,2.903085925,1.226993184,Female
Jennilee Bruhke,1.12295226,1.984152789,3.13030713,2.665605255,Female
Ruby McCumesky,3.052618949,2.440473052,3.357298071,3.676476667,Female
Maison Vogeller,3.27544437,3.612826519,1.255549703,1.389065722,Male
